{
  "events.action": {
    "x": 194.37389520476626,
    "y": -61.29725730605105
  },
  "events.windowSize": {
    "x": 519.9859904104886,
    "y": -66.29432458714207
  },
  "events.element": {
    "x": 355.01405482836606,
    "y": -215.98826122271512
  },
  "events.mouse": {
    "x": 355.8416214615505,
    "y": -65.93300595576969
  },
  "state.flow.runtime": {
    "x": 27.525186164278253,
    "y": -64.77206095438383
  },
  "state.flow.graph": {
    "x": -13.446132539719926,
    "y": 70.74815456405466
  },
  "state.flow.state": {
    "x": -97.05330444572618,
    "y": 10.215782507481537
  },
  "state.flow.entityTree": {
    "x": -100.05544927377515,
    "y": 358.697312501251
  },
  "state.graph.viewBox": {
    "x": 257.28083532912456,
    "y": 73.14802873708447
  },
  "state.graph.nodeState": {
    "x": 140.28124756343047,
    "y": 104.88014895782263
  },
  "state.graph.graphEntities": {
    "x": 1.4128680535768101,
    "y": 235.62482734036027
  },
  "state.graph.graphProcesses": {
    "x": -138.29524957965697,
    "y": 512.7824994318022
  },
  "state.graph.viewData": {
    "x": -127.80467861889497,
    "y": 838.6371685244694
  },
  "state.gui.title": {
    "x": 696.8885016224153,
    "y": -64.57693828700626
  },
  "state.gui.visibility": {
    "x": 391.27862489190517,
    "y": 505.2993213180518
  },
  "state.gui.activeWindow": {
    "x": 452.5866192283065,
    "y": 310.81465765813255
  },
  "state.gui.zIndex": {
    "x": 782.4412406683915,
    "y": 318.18529700985977
  },
  "state.gui.controlsPosition": {
    "x": 776.6547528488661,
    "y": 581.8661030568587
  },
  "state.gui.treeWindow": {
    "x": 787.53982002517,
    "y": 466.8332136858015
  },
  "state.gui.treeFold": {
    "x": 25.11809509486198,
    "y": 428.94346953317375
  },
  "state.gui.graphWindow": {
    "x": 555.2054946427749,
    "y": 555.6515755277867
  },
  "state.gui.entitiesWindow": {
    "x": 664.8866578749225,
    "y": 607.6282633871222
  },
  "state.gui.activeEntity": {
    "x": 246.1281430386166,
    "y": 412.3596653781199
  },
  "state.gui.activeProcess": {
    "x": 669.424307500852,
    "y": 116.4870047646154
  },
  "state.gui.activeNode": {
    "x": 540.0886410687813,
    "y": 265.84076798302374
  },
  "state.gui.watchingEntity": {
    "x": 140.49199223789358,
    "y": 384.9663191054306
  },
  "state.gui.activeValue": {
    "x": 352.8799198949003,
    "y": 403.98067632737036
  },
  "state.gui.editedValue": {
    "x": 523.2372415014206,
    "y": 418.65838806114385
  },
  "state.gui.entityValueView": {
    "x": 653.4982111190972,
    "y": 824.5368548928111
  },
  "state.gui.entitiesWindowProps": {
    "x": 456.3577549523649,
    "y": 835.8810636703935
  },
  "state.gui.entityViewProps": {
    "x": 139.00526906896118,
    "y": 851.4532417166648
  },
  "state.gui.controlProps": {
    "x": -24.307901319262978,
    "y": 849.6485049359521
  },
  "state.gui.treeWindowProps": {
    "x": 565.9198680401593,
    "y": 863.1849309522208
  },
  "state.gui.graphWindowProps": {
    "x": 265.46618918339055,
    "y": 853.8929498148692
  },
  "state.gui.treeData": {
    "x": -2.965753811254869,
    "y": 754.5015485295138
  }
}

