{
  "events.action": {
    "x": 229.07389520476625,
    "y": -56.09725730605106
  },
  "events.windowSize": {
    "x": 519.9859904104886,
    "y": -57.19432458714209
  },
  "events.element": {
    "x": 375.3140548283662,
    "y": -178.08826122271512
  },
  "events.mouse": {
    "x": 375.34162146155063,
    "y": -58.133005955769704
  },
  "state.flow.runtime": {
    "x": 89.92518616427824,
    "y": 448.72793904561627
  },
  "state.flow.graph": {
    "x": 518.2538674602806,
    "y": 475.04815456405487
  },
  "state.flow.state": {
    "x": 493.1466955542737,
    "y": 129.81578250748154
  },
  "state.flow.entityTree": {
    "x": 81.94455072622482,
    "y": 155.897312501251
  },
  "state.graph.viewBox": {
    "x": 470.48083532912455,
    "y": 428.0480287370847
  },
  "state.graph.nodeState": {
    "x": 545.8812475634305,
    "y": 444.1801489578226
  },
  "state.graph.graphEntities": {
    "x": 1.4128680535768101,
    "y": 235.62482734036027
  },
  "state.graph.graphProcesses": {
    "x": 290.80475042034277,
    "y": 58.882499431802216
  },
  "state.graph.viewData": {
    "x": 352.6953213811052,
    "y": 149.63716852446947
  },
  "state.gui.title": {
    "x": 202.88850162241476,
    "y": 196.7230617129937
  },
  "state.gui.visibility": {
    "x": 539.4786248919053,
    "y": 77.59932131805174
  },
  "state.gui.activeWindow": {
    "x": 329.0866192283068,
    "y": 439.51465765813253
  },
  "state.gui.zIndex": {
    "x": 257.241240668391,
    "y": 416.98529700985983
  },
  "state.gui.controlsPosition": {
    "x": 164.35475284886616,
    "y": 233.46610305685854
  },
  "state.gui.treeWindow": {
    "x": 84.23982002516968,
    "y": 482.43321368580183
  },
  "state.gui.treeFold": {
    "x": 433.3180950948619,
    "y": 397.7434695331733
  },
  "state.gui.graphWindow": {
    "x": 252.30549464277496,
    "y": 577.4515755277868
  },
  "state.gui.entitiesWindow": {
    "x": 18.786657874922376,
    "y": 51.22826338712212
  },
  "state.gui.activeEntity": {
    "x": 211.02814303861655,
    "y": 193.9596653781196
  },
  "state.gui.activeProcess": {
    "x": 531.6243075008521,
    "y": 159.38700476461545
  },
  "state.gui.activeNode": {
    "x": 540.0886410687813,
    "y": 265.84076798302374
  },
  "state.gui.watchingEntity": {
    "x": 180.79199223789334,
    "y": 148.3663191054307
  },
  "state.gui.activeValue": {
    "x": 352.8799198949003,
    "y": 403.98067632737036
  },
  "state.gui.editedValue": {
    "x": 523.2372415014206,
    "y": 418.65838806114385
  },
  "state.gui.entityValueView": {
    "x": 221.59821111909685,
    "y": 437.1368548928123
  },
  "state.gui.entitiesWindowProps": {
    "x": 195.05775495236483,
    "y": 347.08106367039375
  },
  "state.gui.entityViewProps": {
    "x": 83.10526906896132,
    "y": 33.75324171666571
  },
  "state.gui.controlProps": {
    "x": 537.2920986807371,
    "y": 26.748504935952422
  },
  "state.gui.treeWindowProps": {
    "x": 472.3198680401594,
    "y": 123.4849309522208
  },
  "state.gui.graphWindowProps": {
    "x": 95.1661891833905,
    "y": 509.3929498148695
  },
  "state.gui.treeData": {
    "x": 481.9342461887452,
    "y": 408.70154852951396
  }
}
