{
  "events.action": {
    "x": 194.37389520476626,
    "y": -61.29725730605105
  },
  "events.windowSize": {
    "x": 533.285990410489,
    "y": -66.29432458714207
  },
  "events.element": {
    "x": 355.01405482836606,
    "y": -215.98826122271512
  },
  "events.mouse": {
    "x": 355.8416214615505,
    "y": -65.93300595576969
  },
  "state.flow.runtime": {
    "x": 27.525186164278253,
    "y": -64.77206095438383
  },
  "state.flow.graph": {
    "x": -13.446132539719926,
    "y": 70.74815456405466
  },
  "state.flow.state": {
    "x": -97.05330444572618,
    "y": 10.215782507481537
  },
  "state.flow.entityTree": {
    "x": -18.35544927377515,
    "y": 457.49731250125063
  },
  "state.graph.viewBox": {
    "x": -229.1191646708751,
    "y": 422.74802873708416
  },
  "state.graph.nodeState": {
    "x": -131.41875243656864,
    "y": 509.58014895782117
  },
  "state.graph.graphEntities": {
    "x": -247.48713194642315,
    "y": 647.92482734036
  },
  "state.graph.graphProcesses": {
    "x": -105.99524957965686,
    "y": 655.2824994318025
  },
  "state.graph.viewData": {
    "x": -156.30467861889503,
    "y": 888.0371685244694
  },
  "state.gui.title": {
    "x": 751.9885016224152,
    "y": -64.57693828700626
  },
  "state.gui.visibility": {
    "x": 491.97862489190504,
    "y": 233.5993213180518
  },
  "state.gui.activeWindow": {
    "x": 615.8866192283067,
    "y": 232.11465765813264
  },
  "state.gui.zIndex": {
    "x": 651.3412406683918,
    "y": 411.28529700985945
  },
  "state.gui.controlsPosition": {
    "x": 808.9547528488664,
    "y": 589.4661030568586
  },
  "state.gui.treeWindow": {
    "x": 721.0398200251701,
    "y": 571.3332136858015
  },
  "state.gui.treeFold": {
    "x": 15.618095094861983,
    "y": 351.04346953317395
  },
  "state.gui.graphWindow": {
    "x": 509.6054946427749,
    "y": 567.0515755277866
  },
  "state.gui.entitiesWindow": {
    "x": 621.1866578749228,
    "y": 584.8282633871224
  },
  "state.gui.activeEntity": {
    "x": 350.62814303861677,
    "y": 233.75966537812
  },
  "state.gui.activeProcess": {
    "x": 207.724307500852,
    "y": 239.98700476461545
  },
  "state.gui.activeNode": {
    "x": 262.68864106878164,
    "y": 353.2407679830235
  },
  "state.gui.watchingEntity": {
    "x": 144.29199223789365,
    "y": 350.76631910543074
  },
  "state.gui.activeValue": {
    "x": 250.27991989490044,
    "y": 497.0806763273704
  },
  "state.gui.editedValue": {
    "x": 76.73724150142071,
    "y": 612.4583880611452
  },
  "state.gui.entityValueView": {
    "x": 98.69821111909714,
    "y": 879.636854892811
  },
  "state.gui.entitiesWindowProps": {
    "x": 625.6577549523641,
    "y": 831.4810636703933
  },
  "state.gui.entityViewProps": {
    "x": 230.2052690689613,
    "y": 881.8532417166646
  },
  "state.gui.controlProps": {
    "x": 813.5920986807369,
    "y": 821.1485049359518
  },
  "state.gui.treeWindowProps": {
    "x": 714.1198680401594,
    "y": 798.584930952221
  },
  "state.gui.graphWindowProps": {
    "x": 529.5661891833901,
    "y": 793.0929498148689
  },
  "state.gui.treeData": {
    "x": -14.365753811254871,
    "y": 893.2015485295142
  }
}
