{
  "events.action": {
    "x": 194.37389520476626,
    "y": -61.29725730605105
  },
  "events.windowSize": {
    "x": 569.3859904104887,
    "y": -64.39432458714207
  },
  "events.element": {
    "x": 355.01405482836606,
    "y": -215.98826122271512
  },
  "events.mouse": {
    "x": 355.8416214615505,
    "y": -65.93300595576969
  },
  "state.flow.runtime": {
    "x": 27.525186164278253,
    "y": -62.872060954383834
  },
  "state.flow.graph": {
    "x": -64.74613253971998,
    "y": 36.54815456405459
  },
  "state.flow.state": {
    "x": -112.25330444572643,
    "y": -61.98421749251841
  },
  "state.flow.entityTree": {
    "x": -62.05544927377514,
    "y": 233.29731250124965
  },
  "state.graph.viewBox": {
    "x": -84.71916467087513,
    "y": 399.94802873708414
  },
  "state.graph.nodeState": {
    "x": -277.71875243656854,
    "y": 463.9801489578202
  },
  "state.graph.graphEntities": {
    "x": -277.88713194642304,
    "y": 644.1248273403601
  },
  "state.graph.graphProcesses": {
    "x": -168.69524957965714,
    "y": 622.9824994318028
  },
  "state.graph.viewData": {
    "x": -154.40467861889502,
    "y": 857.6371685244696
  },
  "state.gui.title": {
    "x": 751.9885016224152,
    "y": -64.57693828700626
  },
  "state.gui.visibility": {
    "x": 434.97862489190493,
    "y": 444.4993213180534
  },
  "state.gui.activeWindow": {
    "x": 490.48661922830706,
    "y": 158.01465765813256
  },
  "state.gui.zIndex": {
    "x": 780.5412406683913,
    "y": 160.48529700985938
  },
  "state.gui.controlsPosition": {
    "x": 801.3547528488664,
    "y": 464.0661030568586
  },
  "state.gui.treeWindow": {
    "x": 709.6398200251703,
    "y": 495.3332136858015
  },
  "state.gui.treeFold": {
    "x": 268.31809509486186,
    "y": 577.1434695331737
  },
  "state.gui.graphWindow": {
    "x": 517.205494642775,
    "y": 498.6515755277865
  },
  "state.gui.entitiesWindow": {
    "x": 626.8866578749228,
    "y": 457.52826338712305
  },
  "state.gui.activeEntity": {
    "x": 350.62814303861677,
    "y": 233.75966537812
  },
  "state.gui.activeProcess": {
    "x": 207.724307500852,
    "y": 239.98700476461545
  },
  "state.gui.activeNode": {
    "x": 262.68864106878164,
    "y": 353.2407679830235
  },
  "state.gui.watchingEntity": {
    "x": 149.99199223789367,
    "y": 345.0663191054307
  },
  "state.gui.activeValue": {
    "x": 250.27991989490044,
    "y": 497.0806763273704
  },
  "state.gui.editedValue": {
    "x": 76.73724150142071,
    "y": 612.4583880611452
  },
  "state.gui.entityValueView": {
    "x": 98.69821111909714,
    "y": 879.636854892811
  },
  "state.gui.entitiesWindowProps": {
    "x": 625.6577549523641,
    "y": 831.4810636703933
  },
  "state.gui.entityViewProps": {
    "x": 230.2052690689613,
    "y": 881.8532417166646
  },
  "state.gui.controlProps": {
    "x": 813.5920986807369,
    "y": 821.1485049359518
  },
  "state.gui.treeWindowProps": {
    "x": 714.1198680401594,
    "y": 798.584930952221
  },
  "state.gui.graphWindowProps": {
    "x": 529.5661891833901,
    "y": 793.0929498148689
  },
  "state.gui.treeData": {
    "x": -14.365753811254871,
    "y": 893.2015485295142
  },
  "state.entity.activeEntity": {
    "x": 157.95233424933923,
    "y": 187.41674810058606
  },
  "state.entity.activeProcess": {
    "x": 289.18330977092137,
    "y": 171.94548506952768
  },
  "state.entity.activeNode": {
    "x": 200.1783877755178,
    "y": 342.4353859628865
  },
  "state.entity.watchingEntity": {
    "x": 303.685372578401,
    "y": 360.5890687517349
  },
  "state.entity.activeValue": {
    "x": 53.32386712790575,
    "y": 566.1852628239242
  },
  "state.entity.editedValue": {
    "x": -58.91918752130397,
    "y": 832.4845816764647
  },
  "state.entity.entityValueView": {
    "x": 45.33735164582856,
    "y": 751.993413425459
  },
  "state.entity.entityViewProps": {
    "x": 73.08514913980348,
    "y": 883.6284824568586
  },
  "state.views.entitiesWindowProps": {
    "x": 430.9079779416995,
    "y": 830.7906450161249
  },
  "state.views.controlProps": {
    "x": 554.3323934606998,
    "y": 860.8999632242065
  },
  "state.views.treeWindowProps": {
    "x": 282.9023210377003,
    "y": 853.6962035307429
  },
  "state.views.graphWindowProps": {
    "x": 669.3485475803371,
    "y": 823.0388167386644
  },
  "state.views.treeData": {
    "x": 173.67902270023606,
    "y": 828.9223943846463
  }
}
